name,appearances,matchesStarted,minutesPlayed,yellowCards,redCards,rating,team,age,ageCategory
Jude Bellingham,14,14,1205,2,0,8.16,Real Madrid,20,youth
Aleix García,16,16,1440,1,0,7.76,Girona FC,26,ideal
Toni Kroos,16,10,974,2,0,7.59,Real Madrid,33,veteran
Gerard Moreno,14,13,1081,0,0,7.57,Villarreal,31,veteran
Ivan Rakitić,15,14,1268,5,0,7.55,Sevilla,35,veteran
Takefusa Kubo,16,14,1240,1,0,7.55,Real Sociedad,22,young
Iñaki Williams,17,17,1479,2,0,7.55,Athletic Club,29,ideal
Pedri,8,7,617,2,0,7.53,Barcelona,21,young
Andriy Lunin,6,6,540,0,0,7.52,Real Madrid,24,young
Rodrygo,16,13,1143,0,0,7.5,Real Madrid,22,young
Iago Aspas,17,15,1274,4,1,7.49,Celta Vigo,36,veteran
Frenkie de Jong,10,10,846,5,0,7.48,Barcelona,26,ideal
João Cancelo,14,13,1166,4,0,7.48,Barcelona,29,ideal
Antoine Griezmann,16,16,1309,3,0,7.46,Atlético Madrid,32,veteran
İlkay Gündoğan,17,15,1387,2,0,7.45,Barcelona,33,veteran
Federico Valverde,16,15,1298,1,0,7.44,Real Madrid,25,young
Álvaro Valles,16,16,1440,0,0,7.41,Las Palmas,26,ideal
Marc Guiu,1,0,11,1,0,7.4,Barcelona,17,youth
Isco,17,17,1414,5,0,7.38,Real Betis,31,veteran
Jeremías Ledesma,14,14,1249,0,0,7.36,Cádiz,30,veteran
Nico Williams,14,14,1077,2,0,7.36,Athletic Club,21,young
Daniel Carvajal,13,13,1090,1,0,7.35,Real Madrid,31,veteran
Filip Jörgensen,16,16,1440,1,0,7.34,Villarreal,21,young
Álex Remiro,17,17,1530,2,0,7.31,Real Sociedad,28,ideal
Jonathan Viera,9,7,619,1,0,7.3,Las Palmas,34,veteran
Vicente Guaita,8,7,692,2,0,7.3,Celta Vigo,36,veteran
Luis Javier Suárez,8,8,693,1,0,7.29,Almería,26,ideal
Rui Silva,8,8,675,1,0,7.29,Real Betis,29,ideal
Vedat Muriqi,12,12,1059,0,0,7.28,Mallorca,29,ideal
Lucas Robertone,14,13,969,5,0,7.27,Almería,26,ideal
Samuel Lino,12,7,683,0,0,7.27,Atlético Madrid,23,young
David Gil,3,2,191,1,0,7.27,Cádiz,29,ideal
Sávio,16,16,1316,2,0,7.26,Girona FC,19,youth
Kirian Rodríguez,16,15,1331,4,0,7.26,Las Palmas,27,ideal
Rodrigo de Paul,13,9,779,2,0,7.26,Atlético Madrid,29,ideal
Aurélien Tchouaméni,11,10,845,2,0,7.25,Real Madrid,23,young
Ante Budimir,17,14,1226,4,0,7.25,Osasuna,32,veteran
Vinícius Júnior,10,9,709,2,0,7.24,Real Madrid,23,young
João Félix,14,12,944,3,0,7.24,Barcelona,24,young
Pepelu,17,17,1505,2,0,7.24,Valencia,25,young
Artem Dovbyk,15,11,894,0,0,7.23,Girona FC,26,ideal
Brais Méndez,15,14,1205,5,0,7.23,Real Sociedad,26,ideal
Suso,12,7,638,2,0,7.23,Sevilla,30,veteran
Jules Koundé,14,13,1116,0,0,7.22,Barcelona,25,young
Gorka Guruzeta,17,16,1194,2,0,7.22,Athletic Club,27,ideal
Sergio Ramos,7,7,628,3,1,7.21,Sevilla,37,veteran
Paulo Gazzaniga,16,16,1440,2,0,7.21,Girona FC,31,veteran
Pablo Barrios,9,5,562,2,0,7.21,Atlético Madrid,20,youth
Sergi Cardona,16,13,1284,5,0,7.2,Las Palmas,24,young
Claudio Bravo,7,7,630,0,0,7.2,Real Betis,40,veteran
Luis Rioja,16,15,1268,3,0,7.19,Deportivo Alavés,30,veteran
Unai Simón,17,17,1530,2,0,7.18,Athletic Club,26,ideal
Luka Modrić,13,6,573,1,0,7.18,Real Madrid,38,veteran
Alejandro Baena,14,14,1068,4,1,7.17,Villarreal,22,young
David Soria,17,17,1530,2,0,7.17,Getafe,30,veteran
Mario Hermoso,15,15,1312,4,0,7.16,Atlético Madrid,28,ideal
Koke,13,13,932,4,0,7.16,Atlético Madrid,31,veteran
Marc-André ter Stegen,13,13,1170,1,0,7.15,Barcelona,31,veteran
Diego Rico,12,12,1069,5,0,7.15,Getafe,30,veteran
Antonio Raíllo,7,6,533,0,0,7.14,Mallorca,32,veteran
Lucas Ocampos,15,14,1212,4,0,7.14,Sevilla,29,ideal
Gavi,12,10,943,5,0,7.13,Barcelona,19,youth
David Alaba,13,13,1121,2,0,7.13,Real Madrid,31,veteran
Borja Mayoral,17,16,1345,2,0,7.13,Getafe,26,ideal
Stole Dimitrievski,17,17,1530,1,0,7.13,Rayo Vallecano,29,ideal
Ronald Araújo,11,8,841,2,0,7.13,Barcelona,24,young
Sergi Darder,15,11,1103,1,0,7.13,Mallorca,29,ideal
Saúl Ñíguez,16,8,763,2,0,7.12,Atlético Madrid,29,ideal
Sandro Ramírez,6,5,458,0,0,7.12,Las Palmas,28,ideal
David López,13,13,1080,3,0,7.12,Girona FC,34,veteran
Mikel Merino,14,12,1095,4,0,7.11,Real Sociedad,27,ideal
Robert Lewandowski,15,13,1197,3,0,7.11,Barcelona,35,veteran
Iñigo Martínez,8,6,552,2,0,7.11,Barcelona,32,veteran
Yuri Berchiche,11,8,711,2,0,7.11,Athletic Club,33,veteran
Raphinha,13,6,531,1,1,7.11,Barcelona,27,ideal
Eduardo Camavinga,13,9,751,3,0,7.11,Real Madrid,21,young
Lamine Yamal,17,7,766,1,0,7.11,Barcelona,16,youth
Viktor Tsygankov,14,12,957,0,0,7.1,Girona FC,26,ideal
Luis Milla,7,5,472,3,0,7.1,Getafe,29,ideal
Tanguy Nianzou,2,1,89,0,0,7.1,Sevilla,21,young
Juanlu Sánchez,10,7,638,2,0,7.09,Sevilla,20,youth
Álvaro Morata,15,13,1095,1,1,7.09,Atlético Madrid,31,veteran
Yangel Herrera,15,14,1097,4,0,7.09,Girona FC,25,young
Ángel Correa,13,3,498,0,0,7.08,Atlético Madrid,28,ideal
Loïc Badé,11,10,887,1,1,7.08,Sevilla,23,young
Ayoze Pérez,16,16,1271,3,0,7.08,Real Betis,30,veteran
Axel Witsel,15,14,1280,1,0,7.07,Atlético Madrid,34,veteran
Yannick Carrasco,3,3,223,0,0,7.07,Atlético Madrid,30,veteran
Predrag Rajković,17,17,1530,1,0,7.06,Mallorca,28,ideal
Kepa Arrizabalaga,10,10,900,1,0,7.06,Real Madrid,29,ideal
Óscar de Marcos,14,14,1165,3,0,7.06,Athletic Club,34,veteran
Hugo Duro,17,16,1395,2,0,7.05,Valencia,24,young
Aritz Elustondo,6,4,371,0,0,7.05,Real Sociedad,29,ideal
Nemanja Maksimović,17,17,1525,2,0,7.05,Getafe,28,ideal
Sergio Arribas,17,11,1116,0,0,7.04,Almería,22,young
Florian Lejeune,17,17,1528,4,0,7.04,Rayo Vallecano,32,veteran
Dani Parejo,15,15,1307,2,0,7.04,Villarreal,34,veteran
Juan Miranda,10,9,740,3,0,7.04,Real Betis,23,young
Germán Pezzella,16,16,1403,3,0,7.04,Real Betis,32,veteran
Unai Núñez,17,17,1529,4,0,7.04,Celta Vigo,26,ideal
Oihan Sancet,15,14,1134,0,2,7.03,Athletic Club,23,young
Francisco Vieites,3,2,225,0,0,7.03,Real Betis,24,young
Martín Zubimendi,17,15,1427,3,0,7.03,Real Sociedad,24,young
Jonathan Bamba,17,17,1407,0,0,7.03,Celta Vigo,27,ideal
Yéremy Pino,7,7,479,4,0,7.03,Villarreal,21,young
Carl Starfelt,15,15,1314,2,0,7.03,Celta Vigo,28,ideal
Daley Blind,16,15,1358,3,0,7.03,Girona FC,33,veteran
Abdón Prats,14,8,641,1,0,7.02,Mallorca,31,veteran
Marcos Llorente,16,12,1061,2,0,7.02,Atlético Madrid,28,ideal
Alex Suárez,13,13,1108,2,0,7.02,Las Palmas,30,veteran
Marc Roca,16,15,1273,3,0,7.01,Real Betis,27,ideal
José Luis Gayà,12,12,942,1,0,7.01,Valencia,28,ideal
Antonio Rüdiger,15,14,1300,7,0,7.01,Real Madrid,30,veteran
Álvaro García,16,16,1372,5,0,7.01,Rayo Vallecano,31,veteran
Jan Oblak,16,16,1440,1,0,7.01,Atlético Madrid,30,veteran
Samuel Costa,17,14,1317,3,0,7.01,Mallorca,23,young
Roger Martí,15,13,1022,2,0,7.0,Cádiz,32,veteran
Juan Foyth,12,12,1063,1,0,7.0,Villarreal,25,young
Julian Araujo,14,8,815,3,0,7.0,Las Palmas,22,young
Iñigo Ruiz de Galarreta,13,13,1082,4,0,7.0,Athletic Club,30,veteran
Marcos Alonso,4,2,160,0,0,7.0,Barcelona,32,veteran
Óscar Mingueza,17,15,1363,1,0,6.99,Celta Vigo,24,young
Cristhian Stuani,16,5,548,5,0,6.99,Girona FC,37,veteran
Moi Gómez,12,11,944,1,0,6.99,Osasuna,29,ideal
Giorgi Mamardashvili,17,17,1530,1,0,6.99,Valencia,23,young
Renato Tapia,9,5,477,1,1,6.99,Celta Vigo,28,ideal
Gastón Álvarez,15,14,1274,4,0,6.99,Getafe,23,young
Guido Rodríguez,14,13,1076,5,0,6.99,Real Betis,29,ideal
Dodi Lukebakio,12,9,743,0,0,6.98,Sevilla,26,ideal
Hamari Traore,17,16,1364,4,0,6.98,Real Sociedad,31,veteran
Antonio Sivera,16,16,1440,1,0,6.98,Deportivo Alavés,27,ideal
Mika Mármol,14,14,1220,2,1,6.98,Las Palmas,22,young
Saúl Coco,13,10,936,2,0,6.98,Las Palmas,24,young
Jørgen Strand Larsen,17,17,1332,2,0,6.98,Celta Vigo,23,young
Kieran Tierney,7,7,483,1,0,6.97,Real Sociedad,26,ideal
Isi Palazón,17,16,1306,2,0,6.97,Rayo Vallecano,28,ideal
Johan Mojica,11,8,724,0,0,6.97,Osasuna,31,veteran
Djibril Sow,13,11,880,2,0,6.97,Sevilla,26,ideal
Oriol Romeu,13,9,635,3,0,6.97,Barcelona,32,veteran
Iván Martín,15,14,1144,3,0,6.97,Girona FC,24,young
Joan Jordán,3,3,255,1,0,6.97,Sevilla,29,ideal
Brahim Díaz,11,4,380,0,0,6.96,Real Madrid,24,young
Mikel Oyarzabal,16,10,972,1,0,6.96,Real Sociedad,26,ideal
Ismaila Ciss,16,9,885,4,0,6.96,Rayo Vallecano,29,ideal
Mason Greenwood,13,10,930,2,0,6.96,Getafe,22,young
Alberto Moleiro,7,4,407,0,0,6.96,Las Palmas,20,youth
Yan Couto,15,9,851,4,0,6.95,Girona FC,21,young
Willian José,14,11,838,0,1,6.95,Real Betis,32,veteran
Jorge Cuenca,10,9,824,1,0,6.95,Villarreal,24,young
Luiz Felipe,4,4,360,1,0,6.95,Real Betis,26,ideal
Miguel Gutiérrez,15,15,1322,3,0,6.95,Girona FC,22,young
Rubén García,14,8,643,0,0,6.95,Osasuna,30,veteran
Erik Lamela,7,4,355,3,0,6.94,Sevilla,31,veteran
Adrià Pedrosa,14,8,905,1,0,6.94,Sevilla,25,young
Bryan Zaragoza,16,13,1200,5,0,6.94,Granada,22,young
Marko Dmitrović,8,8,720,1,0,6.94,Sevilla,31,veteran
Youssouf Sabaly,3,3,270,0,0,6.93,Real Betis,30,veteran
Boubakary Soumaré,9,7,623,4,0,6.93,Sevilla,24,young
Stefan Savić,9,8,686,2,0,6.93,Atlético Madrid,32,veteran
Joselu,16,8,830,0,0,6.93,Real Madrid,33,veteran
César Azpilicueta,13,8,808,2,0,6.93,Atlético Madrid,34,veteran
Andreas Christensen,13,13,969,1,0,6.93,Barcelona,27,ideal
Ianis Hagi,12,6,500,2,0,6.93,Deportivo Alavés,25,young
Marc Pubill,4,3,271,1,0,6.93,Almería,20,youth
Ferland Mendy,9,8,680,2,0,6.92,Real Madrid,28,ideal
Gonzalo Villar,15,9,802,4,0,6.92,Granada,25,young
Rubén Alcaraz,15,15,1262,7,0,6.92,Cádiz,32,veteran
Yarek Gasiorowski,7,2,269,1,0,6.92,Valencia,18,youth
Juanmi Latasa,17,9,909,3,0,6.91,Getafe,22,young
Daniel Vivian,17,17,1509,3,0,6.91,Athletic Club,24,young
Mikel Vesga,12,10,854,1,0,6.9,Athletic Club,30,veteran
Eric García,13,11,1009,2,0,6.9,Girona FC,22,young
Luiz Henrique,10,3,322,1,0,6.9,Real Betis,22,young
Juan Iglesias,13,7,758,1,0,6.9,Getafe,25,young
Ander Herrera,10,5,489,2,0,6.9,Athletic Club,34,veteran
David García,16,16,1440,2,0,6.9,Osasuna,29,ideal
Srđan Babić,1,1,90,0,0,6.9,Almería,27,ideal
Paul Akouokou,2,0,26,0,0,6.9,Real Betis,25,young
Chris Ramos,16,14,1161,1,0,6.89,Cádiz,26,ideal
Ivan Balliu,15,15,1342,1,0,6.89,Rayo Vallecano,31,veteran
Thierry Correia,16,16,1291,2,0,6.89,Valencia,24,young
Chimy Ávila,15,9,832,2,2,6.89,Osasuna,29,ideal
Ørjan Nyland,7,7,630,0,0,6.89,Sevilla,33,veteran
Rodrigo Riquelme,12,6,534,1,0,6.88,Atlético Madrid,23,young
Randy Nteka,6,3,328,0,0,6.88,Rayo Vallecano,26,ideal
Mouctar Diakhaby,11,9,802,4,0,6.88,Valencia,26,ideal
Étienne Capoue,16,11,992,4,0,6.88,Villarreal,35,veteran
Aitor Ruibal,9,5,497,4,0,6.88,Real Betis,27,ideal
Iñaki Peña,4,4,360,0,0,6.88,Barcelona,24,young
Dion Lopy,15,12,1005,1,0,6.87,Almería,21,young
André Ferreira,14,13,1249,1,0,6.87,Granada,27,ideal
Fermín López,11,5,448,1,0,6.87,Barcelona,20,youth
Nahuel Molina,13,10,818,0,0,6.87,Atlético Madrid,25,young
Rubén Duarte,13,10,842,4,0,6.87,Deportivo Alavés,28,ideal
Kike García,16,8,724,1,0,6.87,Deportivo Alavés,34,veteran
Alejandro Balde,15,12,1108,1,0,6.87,Barcelona,20,youth
Ferran Torres,16,7,690,2,0,6.86,Barcelona,23,young
Rubén Peña,13,12,999,2,0,6.86,Osasuna,32,veteran
Ander Guevara,15,15,1305,5,0,6.86,Deportivo Alavés,26,ideal
Arnau Martínez,10,9,707,3,0,6.86,Girona FC,20,youth
Nacho Fernández,10,4,492,1,1,6.86,Real Madrid,33,veteran
Diego Lopez,17,15,1265,1,0,6.86,Valencia,21,young
Javi López,12,7,779,1,0,6.86,Deportivo Alavés,21,young
Chadi Riad,12,11,1014,0,0,6.86,Real Betis,20,youth
Jesús Navas,12,9,806,3,1,6.86,Sevilla,38,veteran
Léo Baptistão,14,9,810,4,0,6.86,Almería,31,veteran
Álex Sola,14,7,624,1,0,6.86,Deportivo Alavés,24,young
Abdul Mumin,9,8,715,1,1,6.86,Rayo Vallecano,25,young
Álex Berenguer,16,3,442,2,0,6.85,Athletic Club,28,ideal
Jon Guridi,15,14,1174,1,0,6.85,Deportivo Alavés,28,ideal
Alejandro Catena,14,14,1254,5,1,6.85,Osasuna,29,ideal
André Almeida,8,6,484,0,0,6.85,Valencia,23,young
Abner Vinícius,12,8,797,2,0,6.85,Real Betis,23,young
Fernando,8,5,459,0,0,6.85,Sevilla,36,veteran
Sergio Herrera,14,14,1250,2,0,6.85,Osasuna,30,veteran
Aihen Muñoz,17,10,1064,2,0,6.85,Real Sociedad,26,ideal
Robin Le Normand,14,13,1137,6,0,6.84,Real Sociedad,27,ideal
Antonio Blanco,14,11,945,0,1,6.84,Deportivo Alavés,23,young
Óscar Valentín,16,15,1315,2,1,6.84,Rayo Vallecano,29,ideal
Luís Maximiano,14,14,1260,1,0,6.84,Almería,24,young
Kike Salas,6,3,251,2,0,6.83,Sevilla,21,young
Fran García,11,7,554,1,0,6.83,Real Madrid,24,young
Alexander Sørloth,14,13,995,1,0,6.83,Villarreal,28,ideal
Luis Hernández,7,6,550,3,0,6.83,Cádiz,34,veteran
Lucas Vázquez,12,2,320,0,0,6.83,Real Madrid,32,veteran
Javier Guerra,16,14,1295,2,1,6.83,Valencia,20,youth
Sergi Roberto,4,2,189,0,0,6.83,Barcelona,31,veteran
Marcos Acuña,8,7,456,2,0,6.83,Sevilla,32,veteran
Gerard Gumbau,16,16,1340,8,0,6.82,Granada,28,ideal
Nemanja Gudelj,13,13,1157,6,0,6.82,Sevilla,32,veteran
Matteo Gabbia,7,6,478,2,0,6.81,Villarreal,24,young
Martin Valjent,16,16,1374,3,0,6.81,Mallorca,28,ideal
Kevin Vázquez,8,8,540,2,0,6.81,Celta Vigo,30,veteran
Assane Diao,10,8,650,2,0,6.81,Real Betis,18,youth
Toni Lato,12,6,612,1,0,6.81,Mallorca,26,ideal
Lucas Boyé,13,13,1060,3,1,6.81,Granada,27,ideal
Manuel Sánchez,13,10,953,1,0,6.81,Celta Vigo,23,young
Aimar Oroz,17,17,1393,2,0,6.8,Osasuna,22,young
José Manuel Arnáiz,11,3,309,1,0,6.8,Osasuna,28,ideal
Damián Suárez,13,13,1101,5,0,6.8,Getafe,35,veteran
Edgar González,13,13,1074,1,1,6.8,Almería,26,ideal
Lucas Torró,13,12,980,3,0,6.8,Osasuna,29,ideal
Mamadou Mbaye,4,2,286,2,0,6.8,Cádiz,25,young
Matija Nastasić,12,11,1005,4,0,6.8,Mallorca,30,veteran
Máximo Perrone,13,5,476,2,0,6.8,Las Palmas,20,youth
Milutin Osmajić,1,0,13,0,0,6.8,Cádiz,24,young
Franco Cervi,8,3,301,1,0,6.8,Celta Vigo,29,ideal
Imanol García de Albéniz,4,3,259,0,0,6.8,Athletic Club,23,young
Éder Militão,1,1,50,0,0,6.8,Real Madrid,25,young
Unai García,1,1,90,1,0,6.8,Osasuna,31,veteran
Diego Mariño,1,1,90,0,0,6.8,Almería,33,veteran
Eric Curbelo,1,1,90,0,0,6.8,Las Palmas,29,ideal
Diego Mendez,1,0,9,0,0,6.8,Rayo Vallecano,20,youth
Ricardo Visus,1,0,30,0,0,6.8,Real Betis,22,young
Munir El Haddadi,16,15,1185,2,0,6.79,Las Palmas,28,ideal
Igor Zubeldia,16,15,1321,6,0,6.79,Real Sociedad,26,ideal
Adrián Embarba,16,14,1133,2,0,6.79,Almería,31,veteran
Youssef En-Nesyri,15,11,1074,2,0,6.79,Sevilla,26,ideal
Unai López,15,12,881,4,0,6.79,Rayo Vallecano,28,ideal
Gabriel Paulista,13,12,1060,4,1,6.79,Valencia,33,veteran
Asier Villalibre,8,0,169,0,0,6.79,Athletic Club,26,ideal
Hugo Sotelo,8,3,314,0,0,6.79,Celta Vigo,19,youth
Fali,15,15,1250,5,0,6.79,Cádiz,30,veteran
Marc Cardona,10,5,388,1,0,6.78,Las Palmas,28,ideal
Yeray Álvarez,5,2,184,1,0,6.78,Athletic Club,28,ideal
Javi Galán,5,0,91,1,0,6.78,Atlético Madrid,29,ideal
Raúl Albiol,14,13,1157,3,0,6.78,Villarreal,38,veteran
Iker Munoz,10,6,574,2,0,6.78,Osasuna,21,young
Óscar Rodríguez,11,2,291,4,0,6.78,Getafe,25,young
Memphis Depay,8,2,232,0,0,6.78,Atlético Madrid,29,ideal
Antonio Sánchez,12,9,588,2,0,6.78,Mallorca,26,ideal
Íñigo Lekue,12,9,889,2,0,6.78,Athletic Club,30,veteran
Borja Iglesias,8,3,277,2,0,6.78,Real Betis,30,veteran
Adnan Januzaj,4,0,144,0,0,6.78,Sevilla,28,ideal
Enzo Loiodice,16,11,989,1,0,6.78,Las Palmas,23,young
José Luis Morales,11,5,554,0,0,6.77,Villarreal,36,veteran
Rafa Marín,13,9,834,2,0,6.77,Deportivo Alavés,21,young
Largie Ramazani,17,9,939,4,0,6.77,Almería,22,young
Javier Muñoz,16,12,1094,2,0,6.77,Las Palmas,28,ideal
Rodri Sánchez,12,5,538,0,0,6.77,Real Betis,23,young
Iza Carcelén,15,14,1228,1,0,6.77,Cádiz,30,veteran
Aridane Hernández,9,9,791,3,0,6.77,Rayo Vallecano,34,veteran
Ander Barrenetxea,14,12,830,0,0,6.76,Real Sociedad,21,young
Famara Diédhiou,8,0,111,1,0,6.76,Granada,31,veteran
William Carvalho,8,1,220,0,0,6.76,Real Betis,31,veteran
Pejiño,8,5,349,1,0,6.76,Las Palmas,27,ideal
Raúl de Tomás,13,9,715,3,0,6.76,Rayo Vallecano,29,ideal
Marvin Park,12,4,529,2,0,6.76,Las Palmas,23,young
Jesús Areso,16,12,1108,1,0,6.76,Osasuna,24,young
Aleksandar Sedlar,11,11,948,2,0,6.75,Deportivo Alavés,32,veteran
Juan Cruz,11,10,907,2,0,6.75,Osasuna,31,veteran
Cristhian Mosquera,15,12,1184,1,0,6.75,Valencia,19,youth
Cristian Herrera,5,1,133,1,0,6.75,Las Palmas,32,veteran
Álex Fernández,12,5,595,1,0,6.75,Cádiz,31,veteran
Mario Dominguez,3,0,23,0,0,6.75,Valencia,19,youth
Dani Ceballos,6,0,127,1,0,6.75,Real Madrid,27,ideal
Selim Amallah,11,5,407,2,1,6.75,Valencia,27,ideal
Andoni Gorosabel,16,15,1372,4,0,6.74,Deportivo Alavés,27,ideal
Aïssa Mandi,7,5,470,2,0,6.74,Villarreal,32,veteran
Abderrahman Rebbach,13,4,439,0,0,6.74,Deportivo Alavés,25,young
Andrés Guardado,10,2,323,1,0,6.74,Real Betis,37,veteran
Pablo Maffeo,14,10,852,1,1,6.74,Mallorca,26,ideal
Arsen Zakharyan,11,4,418,0,0,6.74,Real Sociedad,20,youth
Óliver Torres,12,6,574,3,0,6.74,Sevilla,29,ideal
Carlos Fernández,9,5,390,2,0,6.73,Real Sociedad,27,ideal
Rominigue Kouamé,6,4,372,2,0,6.73,Cádiz,27,ideal
Dani Rodríguez,16,15,1271,5,0,6.73,Mallorca,35,veteran
Abdelkabir Abqar,13,13,1165,5,0,6.73,Deportivo Alavés,24,young
Jon Moncayola,15,7,680,1,0,6.73,Osasuna,25,young
Cyle Larin,16,6,711,2,0,6.73,Mallorca,28,ideal
Hugo González,5,0,49,0,0,6.73,Valencia,20,youth
Denis Suárez,4,1,138,0,0,6.73,Villarreal,29,ideal
Omenuke Mfulu,4,1,80,1,0,6.73,Las Palmas,29,ideal
Juanpe,5,0,127,2,0,6.73,Girona FC,32,veteran
Ignasi Miquel,17,17,1485,3,0,6.72,Granada,31,veteran
Williot Swedberg,6,0,63,0,0,6.72,Celta Vigo,19,youth
Aitor Paredes,17,15,1336,4,0,6.72,Athletic Club,23,young
Joseph Aidoo,6,4,416,0,0,6.72,Celta Vigo,28,ideal
Miguel Rubio,7,6,559,1,0,6.71,Granada,25,young
Luca De La Torre,15,12,1067,1,1,6.71,Celta Vigo,25,young
Sergi Canós,10,3,355,0,0,6.71,Valencia,26,ideal
Rafa Mir,10,2,229,1,0,6.71,Sevilla,26,ideal
Umar Sadiq,15,6,562,2,0,6.71,Real Sociedad,26,ideal
Abdessamad Ezzalzouli,15,3,546,0,0,6.7,Real Betis,22,young
Nacho Vidal,6,0,100,0,0,6.7,Osasuna,28,ideal
Benito Ramírez,7,0,103,0,0,6.7,Las Palmas,28,ideal
Fede San Emeterio,3,2,150,1,1,6.7,Cádiz,26,ideal
Chumi,15,13,1179,2,0,6.7,Almería,24,young
Pablo Torre,10,0,215,0,0,6.7,Girona FC,20,youth
Manu Trigueros,4,1,129,0,0,6.7,Villarreal,32,veteran
Manu Morlanes,14,4,446,2,0,6.7,Mallorca,24,young
Jordi Martín,1,1,83,0,0,6.7,Getafe,22,young
Siebe Van Der Heyden,4,3,237,1,0,6.7,Mallorca,25,young
Rachad Dhimi,1,0,16,0,0,6.7,Almería,18,youth
Álvaro Negredo,5,0,50,0,0,6.7,Cádiz,38,veteran
Carlos Domínguez,4,4,357,1,0,6.7,Celta Vigo,22,young
Francis Coquelin,1,0,16,0,0,6.7,Villarreal,32,veteran
Jorge Pascual,1,0,13,0,0,6.7,Villarreal,20,youth
Jesús Corona,2,0,16,0,0,6.7,Sevilla,30,veteran
Bernardo Espinosa,2,0,10,0,0,6.7,Girona FC,34,veteran
Peru Nolaskoain Esnal,2,0,13,0,0,6.7,Athletic Club,25,young
Alfonso Espino,16,16,1399,6,0,6.69,Rayo Vallecano,31,veteran
Carles Aleñá,14,7,582,4,0,6.69,Getafe,25,young
José María Giménez,11,4,471,3,0,6.69,Atlético Madrid,28,ideal
Omar Alderete,11,7,617,3,1,6.69,Getafe,26,ideal
Myrto Uzuni,17,15,1268,1,0,6.69,Granada,28,ideal
Fran Pérez,17,15,1159,3,0,6.69,Valencia,21,young
Bebé,12,0,151,1,0,6.68,Rayo Vallecano,33,veteran
Mihailo Ristić,6,5,454,1,0,6.68,Celta Vigo,28,ideal
Álvaro Fernández,11,4,378,1,0,6.68,Granada,20,youth
Javier Hernández,16,16,1400,4,0,6.68,Cádiz,25,young
Hugo Guillamón,10,1,264,1,0,6.68,Valencia,23,young
Jorge de Frutos,16,2,454,0,0,6.68,Rayo Vallecano,27,ideal
Iddrisu Baba,16,9,894,4,0,6.68,Almería,27,ideal
Jaime Mata,15,9,677,4,1,6.67,Getafe,35,veteran
Ricard Sánchez,16,13,1185,4,0,6.67,Granada,23,young
Carles Pérez,6,2,272,1,0,6.67,Celta Vigo,25,young
Óscar Trejo,15,9,682,2,0,6.67,Rayo Vallecano,35,veteran
Djené,15,13,1066,6,1,6.67,Getafe,31,veteran
Álvaro Lemos,3,2,193,1,0,6.67,Las Palmas,30,veteran
Carlos Benavídez,11,3,379,1,0,6.66,Deportivo Alavés,25,young
Jon Pacheco,8,3,353,2,0,6.66,Real Sociedad,22,young
Darwin Machís,13,9,669,0,1,6.66,Cádiz,30,veteran
Raúl García,15,3,396,2,0,6.66,Osasuna,37,veteran
Anastasios Douvikas,13,2,328,0,0,6.66,Celta Vigo,24,young
Maximiliano Gómez,13,5,496,2,0,6.65,Cádiz,27,ideal
Giovanni González,16,11,1018,4,0,6.65,Mallorca,29,ideal
Jaume Costa,16,10,875,4,0,6.65,Mallorca,35,veteran
Marko Milovanović,2,0,31,0,0,6.65,Almería,20,youth
Malcom Ares,2,0,31,1,0,6.65,Athletic Club,22,young
Iván Villar,10,10,835,0,1,6.65,Celta Vigo,26,ideal
Valery Fernández,12,0,210,0,0,6.65,Girona FC,24,young
Omar Mascarell,11,8,621,3,1,6.65,Mallorca,30,veteran
Radamel Falcao,9,0,133,2,0,6.64,Rayo Vallecano,37,veteran
Sergio Akieme,14,14,1260,1,0,6.64,Almería,26,ideal
Beñat Prados,10,2,305,0,0,6.64,Athletic Club,22,young
Portu,15,0,327,1,0,6.63,Girona FC,31,veteran
Ilias Akhomach,12,2,401,2,0,6.63,Villarreal,19,youth
Brian Ocampo,3,0,40,1,0,6.63,Cádiz,24,young
Thomas Lemar,3,3,166,0,0,6.63,Atlético Madrid,28,ideal
Njegoš Petrović,9,0,143,0,0,6.63,Granada,24,young
Kiko Femenía,6,1,204,3,0,6.63,Villarreal,32,veteran
Sergio Camello,13,6,590,2,0,6.63,Rayo Vallecano,22,young
Xeber Alkain,8,3,290,1,0,6.63,Deportivo Alavés,26,ideal
Alberto Moreno,11,4,468,0,1,6.63,Villarreal,31,veteran
Beñat Turrientes,11,6,570,1,0,6.63,Real Sociedad,21,young
Josep Chavarría,4,1,122,1,0,6.63,Rayo Vallecano,25,young
Kike Pérez,13,5,487,3,0,6.62,Rayo Vallecano,26,ideal
Dani García,10,4,403,3,0,6.62,Athletic Club,33,veteran
Carlos Neva,17,17,1472,2,0,6.62,Granada,27,ideal
Jorge Meré,6,4,340,0,0,6.62,Cádiz,26,ideal
Raúl Torrente,12,10,943,2,0,6.62,Granada,22,young
Nahuel Tenaglia,7,1,126,0,0,6.62,Deportivo Alavés,27,ideal
José Callejón,14,6,517,0,0,6.61,Granada,36,veteran
Sergio Ruiz Alonso,15,10,907,3,0,6.61,Granada,29,ideal
César Montes,8,8,694,2,0,6.61,Almería,26,ideal
Javi Llabrés,9,0,149,1,0,6.61,Mallorca,21,young
José Ángel Carmona,11,7,492,4,0,6.61,Getafe,21,young
Kike Barja,10,2,251,2,0,6.61,Osasuna,26,ideal
Gonzalo Escalante,11,7,691,0,1,6.61,Cádiz,30,veteran
Fran Beltrán,16,12,1027,2,0,6.61,Celta Vigo,24,young
Stefan Mitrović,10,9,693,3,0,6.6,Getafe,33,veteran
Gonzalo Melero,15,8,725,2,0,6.6,Almería,29,ideal
Amath Ndiaye,13,3,396,2,0,6.6,Mallorca,27,ideal
Ansu Fati,3,0,47,0,0,6.6,Barcelona,21,young
Ramón Terrats,11,4,463,2,0,6.6,Villarreal,23,young
Juan Cruz,4,0,65,0,0,6.6,Real Betis,31,veteran
Gonzalo García,2,0,21,0,0,6.6,Real Madrid,19,youth
Sokratis,1,0,12,0,0,6.6,Real Betis,35,veteran
Alberto Soro,1,0,17,0,0,6.6,Granada,24,young
José Pozo,1,0,8,0,0,6.6,Rayo Vallecano,27,ideal
Silvi Clúa,1,0,8,0,0,6.6,Girona FC,18,youth
César Tárrega,1,0,13,0,0,6.6,Valencia,21,young
Gorka Rivera,1,0,11,0,0,6.6,Getafe,19,youth
Ibrahima Kébé,2,0,24,1,0,6.6,Girona FC,23,young
Alberto Perea,2,0,9,0,0,6.6,Granada,32,veteran
José Mari,3,0,27,1,0,6.6,Cádiz,36,veteran
Daley Sinkgraven,4,3,132,0,0,6.6,Las Palmas,28,ideal
Samuel Omorodion,15,8,802,2,0,6.59,Deportivo Alavés,19,youth
Óscar Melendo,13,10,783,2,0,6.59,Granada,26,ideal
Iker Muniain,11,3,331,1,0,6.59,Athletic Club,30,veteran
Lucas Pires,10,4,499,2,0,6.59,Cádiz,22,young
Unai Gómez,9,1,146,0,0,6.59,Athletic Club,20,youth
Carlos Dotor,12,4,429,2,0,6.59,Celta Vigo,22,young
Cenk Özkaçar,8,7,587,2,0,6.59,Valencia,23,young
Sergi Guardiola,6,0,95,0,0,6.58,Cádiz,32,veteran
Alfonso Pedraza,11,10,782,4,1,6.58,Villarreal,27,ideal
Santi Comesaña,10,4,392,4,0,6.58,Villarreal,27,ideal
Pablo Ibáñez Lumbreras,13,3,352,2,0,6.58,Osasuna,25,young
Mariano Díaz,4,2,175,0,0,6.58,Sevilla,30,veteran
Sergi Altimira,5,3,242,0,0,6.58,Real Betis,22,young
Mauro Arambarri,7,3,337,2,0,6.57,Getafe,28,ideal
Kaiky,6,4,424,1,0,6.57,Almería,19,youth
Lázaro,10,2,214,0,0,6.57,Almería,21,young
Marc Bartra,3,3,225,1,0,6.57,Real Betis,32,veteran
Andrei Rațiu,3,2,180,1,0,6.57,Rayo Vallecano,25,young
José Copete,7,7,535,3,0,6.56,Mallorca,24,young
Sory Kaba,11,6,543,2,0,6.55,Las Palmas,28,ideal
Iván Alejo,15,13,984,8,0,6.55,Cádiz,28,ideal
Rubén Sobrino,14,3,501,6,0,6.55,Cádiz,31,veteran
Mamadou Sylla,2,0,26,0,0,6.55,Deportivo Alavés,29,ideal
Çağlar Söyüncü,5,1,106,0,0,6.55,Atlético Madrid,27,ideal
Fabrizio Angileri,5,1,94,2,1,6.55,Getafe,29,ideal
Ibrahima Kone,8,2,281,0,0,6.54,Almería,24,young
Raúl García,6,0,94,2,0,6.53,Athletic Club,37,veteran
Miguel de la Fuente,3,1,85,0,0,6.53,Deportivo Alavés,24,young
Shon Weissman,5,0,90,0,0,6.52,Granada,27,ideal
Adrià Altimira,7,6,465,1,0,6.51,Villarreal,22,young
Ben Brereton Díaz,12,2,269,2,0,6.51,Villarreal,24,young
Antonio Puertas,16,4,527,0,1,6.5,Granada,31,veteran
Roman Yaremchuk,11,3,257,0,0,6.5,Valencia,28,ideal
Alejandro Pozo,12,7,683,0,0,6.5,Almería,24,young
Nabil Fekir,2,0,17,0,0,6.5,Real Betis,30,veteran
Álvaro Odriozola,1,0,45,0,0,6.5,Real Sociedad,28,ideal
Salvi Sánchez,1,0,27,0,0,6.5,Rayo Vallecano,32,veteran
Alberto Mari,1,0,9,0,0,6.5,Valencia,22,young
Jon Karrikaburu,2,0,31,0,0,6.5,Deportivo Alavés,21,young
Jorge Herrando,3,2,215,0,0,6.5,Osasuna,22,young
Joseba Zaldúa,4,2,190,0,0,6.5,Cádiz,31,veteran
Héctor Bellerín,11,11,924,0,1,6.5,Real Betis,28,ideal
Dimitri Foulquier,13,3,445,2,0,6.48,Valencia,30,veteran
Miguel Rodríguez,7,0,84,1,0,6.48,Celta Vigo,20,youth
Marciano Sanca,6,0,67,0,0,6.48,Almería,19,youth
André Silva,4,1,105,0,0,6.48,Real Sociedad,28,ideal
Mohamed-Ali Cho,11,1,247,0,0,6.47,Real Sociedad,19,youth
Houboulang Mendes,6,4,370,0,0,6.47,Almería,25,young
Domingos Duarte,10,8,678,3,2,6.46,Getafe,28,ideal
Jon Ander Olasagasti,4,0,40,2,0,6.45,Real Sociedad,23,young
Nico Paz,4,0,26,0,0,6.45,Real Madrid,19,youth
Urko González,2,2,103,1,0,6.45,Real Sociedad,22,young
Jesús Vázquez,5,1,135,0,0,6.42,Valencia,20,youth
Arnau Puigmal,10,3,263,3,0,6.42,Almería,22,young
Anthony Lozano,6,0,94,1,0,6.42,Getafe,30,veteran
Carlos Romero,5,2,169,1,0,6.4,Villarreal,22,young
Wilson Manafá,4,3,241,1,0,6.4,Granada,29,ideal
Bono,1,1,90,0,0,6.4,Sevilla,32,veteran
Tomás Mendes,1,0,12,0,0,6.4,Deportivo Alavés,19,youth
Mikel Jauregizar,1,0,11,0,0,6.4,Athletic Club,20,youth
Federico Gattoni,2,0,16,0,0,6.4,Sevilla,24,young
Fernando Martínez,2,2,180,0,0,6.35,Almería,33,veteran
Raúl Fernández,4,4,281,0,0,6.35,Granada,35,veteran
Pablo Gozálbez,5,1,114,0,0,6.32,Valencia,22,young
Unai Ropero,1,0,14,0,0,6.3,Deportivo Alavés,22,young
Santi García,1,0,24,0,0,6.3,Getafe,22,young
Aitor Fernández,4,3,280,2,0,6.28,Osasuna,32,veteran
Álex Centelles,3,3,225,0,0,6.27,Almería,24,young
Víctor Díaz,4,2,161,1,0,6.25,Granada,35,veteran
Jesús Vallejo,2,1,105,1,0,6.2,Granada,26,ideal
Víctor Chust,3,3,189,0,1,6.17,Cádiz,23,young
Jhon Solís,3,0,32,0,0,6.13,Girona FC,19,youth
Gabri Veiga,1,0,17,0,0,6.1,Celta Vigo,21,young
Adria Miquel Bosch Sanchis,1,0,25,0,0,6.1,Granada,22,young
Robert Navarro,6,4,248,0,1,5.97,Cádiz,21,young
Pepe Reina,0,0,0,1,0,0.0,Villarreal,41,veteran
Moussa Diakité,1,0,1,0,0,0.0,Cádiz,20,youth
