name,bigChancesCreated,assists,accuratePasses,accuratePasses%,keyPasses,team,age,ageCategory
Iago Aspas,10,4,411,80.75,52,Celta Vigo,36,veteran
Takefusa Kubo,8,3,270,79.88,29,Real Sociedad,22,young
Roger Martí,8,2,144,65.45,10,Cádiz,32,veteran
İlkay Gündoğan,7,3,999,90.16,37,Barcelona,33,veteran
Isco,7,2,655,86.07,51,Real Betis,31,veteran
Sávio,7,5,347,83.01,21,Girona FC,19,youth
Alejandro Baena,7,5,395,81.95,33,Villarreal,22,young
Saúl Ñíguez,7,5,338,85.79,9,Atlético Madrid,29,ideal
Viktor Tsygankov,7,3,292,82.95,18,Girona FC,26,ideal
Marcos Llorente,7,2,372,81.58,14,Atlético Madrid,28,ideal
Largie Ramazani,7,4,112,63.64,14,Almería,22,young
Iñaki Williams,6,3,316,73.49,28,Athletic Club,29,ideal
Pedri,6,0,395,86.62,20,Barcelona,21,young
Nico Williams,6,5,231,79.66,30,Athletic Club,21,young
Luis Rioja,6,3,250,72.25,22,Deportivo Alavés,30,veteran
Lamine Yamal,6,1,275,86.48,12,Barcelona,16,youth
Miguel Gutiérrez,6,1,530,87.75,16,Girona FC,22,young
César Azpilicueta,6,1,514,86.97,9,Atlético Madrid,34,veteran
Diego Lopez,6,1,227,65.99,21,Valencia,21,young
Aleix García,5,4,1116,91.63,29,Girona FC,26,ideal
Toni Kroos,5,5,1022,94.37,30,Real Madrid,33,veteran
Gerard Moreno,5,2,382,79.75,24,Villarreal,31,veteran
João Cancelo,5,1,660,84.4,20,Barcelona,29,ideal
Brais Méndez,5,3,458,83.88,20,Real Sociedad,26,ideal
Suso,5,1,264,86.84,18,Sevilla,30,veteran
Luka Modrić,5,2,481,89.91,15,Real Madrid,38,veteran
Sergi Darder,5,3,285,75.8,25,Mallorca,29,ideal
Raphinha,5,4,218,81.34,17,Barcelona,27,ideal
Mason Greenwood,5,4,215,82.69,13,Getafe,22,young
Gerard Gumbau,5,2,519,77.12,20,Granada,28,ideal
Adrián Embarba,5,0,248,72.73,21,Almería,31,veteran
Antoine Griezmann,4,2,514,82.64,25,Atlético Madrid,32,veteran
Federico Valverde,4,2,855,90.86,27,Real Madrid,25,young
Vedat Muriqi,4,2,172,63.94,22,Mallorca,29,ideal
Samuel Lino,4,2,240,81.91,12,Atlético Madrid,23,young
João Félix,4,2,312,85.01,13,Barcelona,24,young
Artem Dovbyk,4,4,94,70.68,10,Girona FC,26,ideal
Diego Rico,4,5,307,66.88,20,Getafe,30,veteran
Ayoze Pérez,4,1,244,80.53,15,Real Betis,30,veteran
Oihan Sancet,4,4,383,84.92,27,Athletic Club,23,young
Johan Mojica,4,1,311,79.74,12,Osasuna,31,veteran
Yan Couto,4,4,312,82.32,13,Girona FC,21,young
Álex Berenguer,4,1,99,72.79,14,Athletic Club,28,ideal
Manuel Sánchez,4,2,279,77.5,10,Celta Vigo,23,young
Fran Pérez,4,3,238,81.23,12,Valencia,21,young
Carlos Neva,4,1,432,75.26,10,Granada,27,ideal
Alfonso Pedraza,4,2,247,80.46,14,Villarreal,27,ideal
Ivan Rakitić,3,1,650,80.55,45,Sevilla,35,veteran
Lucas Robertone,3,4,458,82.97,19,Almería,26,ideal
Rodrigo de Paul,3,2,515,86.7,12,Atlético Madrid,29,ideal
Ante Budimir,3,2,122,58.65,5,Osasuna,32,veteran
Vinícius Júnior,3,1,170,77.98,9,Real Madrid,23,young
Jules Koundé,3,1,923,92.21,12,Barcelona,25,young
Lucas Ocampos,3,1,289,72.07,17,Sevilla,29,ideal
Mikel Merino,3,2,415,78.9,8,Real Sociedad,27,ideal
Abdón Prats,3,1,79,58.96,10,Mallorca,31,veteran
Óscar de Marcos,3,3,509,82.1,12,Athletic Club,34,veteran
Hugo Duro,3,2,176,74.89,8,Valencia,24,young
Álvaro García,3,1,259,68.7,20,Rayo Vallecano,31,veteran
Iñigo Ruiz de Galarreta,3,0,486,81.96,14,Athletic Club,30,veteran
Cristhian Stuani,3,2,59,71.08,8,Girona FC,37,veteran
Brahim Díaz,3,1,153,82.26,5,Real Madrid,24,young
Rubén García,3,0,191,71.8,14,Osasuna,30,veteran
Adrià Pedrosa,3,3,266,76.22,16,Sevilla,25,young
Joselu,3,2,148,75.51,9,Real Madrid,33,veteran
Ianis Hagi,3,1,109,74.66,15,Deportivo Alavés,25,young
Mikel Vesga,3,1,333,77.99,4,Athletic Club,30,veteran
Luiz Henrique,3,2,66,70.21,6,Real Betis,22,young
Rubén Duarte,3,0,195,66.55,11,Deportivo Alavés,28,ideal
Rubén Peña,3,1,254,71.55,12,Osasuna,32,veteran
Arnau Martínez,3,2,362,89.16,8,Girona FC,20,youth
Fran García,3,3,293,89.06,8,Real Madrid,24,young
José Manuel Arnáiz,3,1,65,85.53,6,Osasuna,28,ideal
Marvin Park,3,2,149,78.84,7,Las Palmas,23,young
Carles Aleñá,3,1,158,81.44,11,Getafe,25,young
Myrto Uzuni,3,0,118,76.13,9,Granada,28,ideal
Chumi,3,1,462,86.03,4,Almería,24,young
Sergio Akieme,3,0,339,81.29,12,Almería,26,ideal
Iván Alejo,3,2,101,62.73,5,Cádiz,28,ideal
Jude Bellingham,2,2,668,89.91,26,Real Madrid,20,youth
Rodrygo,2,4,399,89.66,25,Real Madrid,22,young
Frenkie de Jong,2,0,884,93.94,11,Barcelona,26,ideal
Daniel Carvajal,2,2,530,87.31,14,Real Madrid,31,veteran
Jonathan Viera,2,1,450,91.09,17,Las Palmas,34,veteran
Gorka Guruzeta,2,1,213,67.41,15,Athletic Club,27,ideal
Paulo Gazzaniga,2,0,363,70.62,2,Girona FC,31,veteran
Pablo Barrios,2,1,289,84.5,7,Atlético Madrid,20,youth
Sergi Cardona,2,0,650,81.86,17,Las Palmas,24,young
Koke,2,2,816,91.38,12,Atlético Madrid,31,veteran
Gavi,2,1,481,91.44,11,Barcelona,19,youth
David Alaba,2,1,788,91.63,10,Real Madrid,31,veteran
Borja Mayoral,2,1,256,75.74,13,Getafe,26,ideal
Sandro Ramírez,2,0,117,81.82,8,Las Palmas,28,ideal
Robert Lewandowski,2,3,185,74.3,12,Barcelona,35,veteran
Yangel Herrera,2,0,454,87.14,10,Girona FC,25,young
Ángel Correa,2,1,149,79.26,13,Atlético Madrid,28,ideal
Sergio Arribas,2,0,247,82.33,17,Almería,22,young
Juan Miranda,2,1,283,84.73,8,Real Betis,23,young
Daley Blind,2,2,990,90.08,9,Girona FC,33,veteran
José Luis Gayà,2,0,323,78.97,16,Valencia,28,ideal
Antonio Rüdiger,2,0,742,88.97,4,Real Madrid,30,veteran
Julian Araujo,2,0,305,83.56,9,Las Palmas,22,young
Óscar Mingueza,2,1,480,77.8,25,Celta Vigo,24,young
Marc Roca,2,1,574,83.92,13,Real Betis,27,ideal
Jørgen Strand Larsen,2,0,184,69.43,9,Celta Vigo,23,young
Oriol Romeu,2,1,504,90.32,7,Barcelona,32,veteran
Erik Lamela,2,0,84,84.85,10,Sevilla,31,veteran
Bryan Zaragoza,2,2,138,61.88,16,Granada,22,young
Gonzalo Villar,2,3,342,81.62,5,Granada,25,young
Juanmi Latasa,2,0,117,49.37,8,Getafe,22,young
Chimy Ávila,2,2,191,72.35,20,Osasuna,29,ideal
Rodrigo Riquelme,2,1,163,82.74,5,Atlético Madrid,23,young
Nahuel Molina,2,1,383,76.6,6,Atlético Madrid,25,young
Aihen Muñoz,2,1,376,77.69,11,Real Sociedad,26,ideal
Ferran Torres,2,1,204,78.16,18,Barcelona,23,young
Javi López,2,3,199,73.43,7,Deportivo Alavés,21,young
Álex Sola,2,0,93,67.39,11,Deportivo Alavés,24,young
Abner Vinícius,2,0,257,82.11,5,Real Betis,23,young
Jon Guridi,2,3,318,78.91,16,Deportivo Alavés,28,ideal
Alexander Sørloth,2,1,125,73.53,10,Villarreal,28,ideal
Javier Guerra,2,1,353,74.63,9,Valencia,20,youth
Aimar Oroz,2,1,476,82.35,17,Osasuna,22,young
Unai López,2,2,442,85.33,12,Rayo Vallecano,28,ideal
Asier Villalibre,2,1,39,68.42,6,Athletic Club,26,ideal
Borja Iglesias,2,1,60,83.33,9,Real Betis,30,veteran
Ander Barrenetxea,2,1,203,73.29,8,Real Sociedad,21,young
Aitor Ruibal,2,1,134,79.29,8,Real Betis,27,ideal
Raúl de Tomás,2,2,116,80.56,6,Rayo Vallecano,29,ideal
Jesús Areso,2,1,312,80.41,11,Osasuna,24,young
Andoni Gorosabel,2,0,387,81.82,7,Deportivo Alavés,27,ideal
Abderrahman Rebbach,2,0,62,69.66,11,Deportivo Alavés,25,young
Jon Moncayola,2,1,285,79.17,9,Osasuna,25,young
Ignasi Miquel,2,1,670,83.13,5,Granada,31,veteran
Luca De La Torre,2,2,356,85.37,12,Celta Vigo,25,young
Umar Sadiq,2,1,61,76.25,2,Real Sociedad,26,ideal
Beñat Turrientes,2,0,121,81.21,4,Real Sociedad,21,young
Portu,2,1,57,79.17,4,Girona FC,31,veteran
Gonzalo Melero,2,1,244,85.31,7,Almería,29,ideal
Luis Javier Suárez,1,0,111,79.29,5,Almería,26,ideal
Kirian Rodríguez,1,1,1146,89.6,14,Las Palmas,27,ideal
Pepelu,1,0,745,82.5,27,Valencia,25,young
Ronald Araújo,1,0,552,89.03,4,Barcelona,24,young
Yuri Berchiche,1,1,268,77.46,5,Athletic Club,33,veteran
Luis Milla,1,0,185,78.06,8,Getafe,29,ideal
Álvaro Morata,1,1,154,75.12,5,Atlético Madrid,31,veteran
Axel Witsel,1,0,859,93.07,2,Atlético Madrid,34,veteran
Aritz Elustondo,1,1,189,89.15,2,Real Sociedad,29,ideal
Nemanja Maksimović,1,0,387,80.46,4,Getafe,28,ideal
Jonathan Bamba,1,1,368,79.31,25,Celta Vigo,27,ideal
Martín Zubimendi,1,1,645,86.11,9,Real Sociedad,24,young
Willian José,1,1,146,76.04,11,Real Betis,32,veteran
Juan Foyth,1,1,477,82.81,5,Villarreal,25,young
Marcos Alonso,1,0,110,90.91,4,Barcelona,32,veteran
Moi Gómez,1,0,467,83.54,5,Osasuna,29,ideal
Gastón Álvarez,1,0,301,70.82,3,Getafe,23,young
Guido Rodríguez,1,0,485,87.39,3,Real Betis,29,ideal
Hamari Traore,1,2,576,84.21,20,Real Sociedad,31,veteran
Isi Palazón,1,1,358,73.66,17,Rayo Vallecano,28,ideal
Djibril Sow,1,1,362,87.86,11,Sevilla,26,ideal
Mikel Oyarzabal,1,1,164,80.0,10,Real Sociedad,26,ideal
Youssouf Sabaly,1,1,109,86.51,2,Real Betis,30,veteran
Andreas Christensen,1,1,859,95.98,3,Barcelona,27,ideal
Kieran Tierney,1,1,209,83.27,2,Real Sociedad,26,ideal
Daniel Vivian,1,0,680,84.05,4,Athletic Club,24,young
Juan Iglesias,1,1,129,59.72,7,Getafe,25,young
Ander Herrera,1,1,270,86.54,5,Athletic Club,34,veteran
Chris Ramos,1,1,126,59.15,6,Cádiz,26,ideal
Dion Lopy,1,0,394,85.28,4,Almería,21,young
Fermín López,1,0,148,82.68,4,Barcelona,20,youth
Kike García,1,0,91,67.41,9,Deportivo Alavés,34,veteran
Alejandro Balde,1,1,500,88.18,9,Barcelona,20,youth
Léo Baptistão,1,0,97,55.75,5,Almería,31,veteran
Jesús Navas,1,0,319,77.43,12,Sevilla,38,veteran
Alejandro Catena,1,1,522,81.82,2,Osasuna,29,ideal
André Almeida,1,1,141,80.11,7,Valencia,23,young
Fernando,1,0,207,87.34,2,Sevilla,36,veteran
Óscar Valentín,1,0,468,80.83,7,Rayo Vallecano,29,ideal
Lucas Vázquez,1,1,196,89.91,7,Real Madrid,32,veteran
Nemanja Gudelj,1,0,638,85.98,5,Sevilla,32,veteran
Martin Valjent,1,0,439,80.4,2,Mallorca,28,ideal
Toni Lato,1,1,142,73.2,4,Mallorca,26,ideal
Franco Cervi,1,0,104,83.2,5,Celta Vigo,29,ideal
Munir El Haddadi,1,1,285,80.97,11,Las Palmas,28,ideal
Hugo Sotelo,1,0,210,92.51,4,Celta Vigo,19,youth
Raúl Albiol,1,0,616,86.88,1,Villarreal,38,veteran
Íñigo Lekue,1,2,342,81.04,9,Athletic Club,30,veteran
José Luis Morales,1,0,70,75.27,2,Villarreal,36,veteran
Famara Diédhiou,1,1,19,50.0,1,Granada,31,veteran
Antonio Sánchez,1,1,139,76.37,5,Mallorca,26,ideal
Juan Cruz,1,1,302,80.53,5,Osasuna,31,veteran
Álex Fernández,1,0,207,90.79,4,Cádiz,31,veteran
Selim Amallah,1,1,85,73.28,2,Valencia,27,ideal
Aïssa Mandi,1,0,281,91.83,2,Villarreal,32,veteran
Arsen Zakharyan,1,1,95,69.34,12,Real Sociedad,20,youth
Óliver Torres,1,0,221,82.46,6,Sevilla,29,ideal
Carlos Fernández,1,1,43,59.72,1,Real Sociedad,27,ideal
Pablo Maffeo,1,1,156,65.82,5,Mallorca,26,ideal
Igor Zubeldia,1,1,681,83.56,3,Real Sociedad,26,ideal
Hugo González,1,1,9,90.0,3,Valencia,20,youth
Denis Suárez,1,0,76,85.39,3,Villarreal,29,ideal
Sergi Canós,1,0,66,69.47,1,Valencia,26,ideal
Dani Rodríguez,1,1,257,81.33,16,Mallorca,35,veteran
Álvaro Fernández,1,0,104,80.62,5,Granada,20,youth
Javier Hernández,1,1,318,71.62,17,Cádiz,25,young
Hugo Guillamón,1,0,131,79.88,3,Valencia,23,young
Jorge de Frutos,1,0,88,74.58,5,Rayo Vallecano,27,ideal
Ricard Sánchez,1,0,268,75.07,10,Granada,23,young
Carles Pérez,1,0,58,79.45,7,Celta Vigo,25,young
Raúl García,1,0,55,61.11,5,Osasuna,37,veteran
Iddrisu Baba,1,0,345,83.33,5,Almería,27,ideal
Maximiliano Gómez,1,0,55,53.92,4,Cádiz,27,ideal
Ilias Akhomach,1,1,117,86.03,5,Villarreal,19,youth
Kiko Femenía,1,0,76,88.37,2,Villarreal,32,veteran
Sergio Camello,1,1,105,79.55,9,Rayo Vallecano,22,young
Xeber Alkain,1,0,56,75.68,5,Deportivo Alavés,26,ideal
Alberto Moreno,1,1,170,86.29,5,Villarreal,31,veteran
Raúl Torrente,1,0,446,78.52,3,Granada,22,young
José Callejón,1,1,149,80.54,6,Granada,36,veteran
Sergio Ruiz Alonso,1,0,401,85.32,2,Granada,29,ideal
Kike Barja,1,0,64,85.33,4,Osasuna,26,ideal
Gonzalo Escalante,1,2,173,75.88,7,Cádiz,30,veteran
Stefan Mitrović,1,0,187,76.02,2,Getafe,33,veteran
Lázaro,1,0,45,81.82,4,Almería,21,young
Samuel Omorodion,1,0,91,71.65,11,Deportivo Alavés,19,youth
Lucas Pires,1,0,114,74.51,3,Cádiz,22,young
Sergi Guardiola,1,0,21,63.64,1,Cádiz,32,veteran
Pablo Ibáñez Lumbreras,1,0,97,74.62,5,Osasuna,25,young
Fabrizio Angileri,1,0,29,74.36,1,Getafe,29,ideal
Héctor Bellerín,1,0,334,80.29,7,Real Betis,28,ideal
Dimitri Foulquier,1,0,136,74.73,3,Valencia,30,veteran
Andriy Lunin,0,0,132,89.8,0,Real Madrid,24,young
Álvaro Valles,0,0,578,78.21,0,Las Palmas,26,ideal
Marc Guiu,0,0,1,100.0,0,Barcelona,17,youth
Jeremías Ledesma,0,0,240,54.3,0,Cádiz,30,veteran
Filip Jörgensen,0,0,443,79.11,0,Villarreal,21,young
Vicente Guaita,0,0,106,57.3,0,Celta Vigo,36,veteran
Álex Remiro,0,0,393,72.64,1,Real Sociedad,28,ideal
David Gil,0,0,31,39.74,0,Cádiz,29,ideal
Aurélien Tchouaméni,0,0,582,93.12,5,Real Madrid,23,young
Rui Silva,0,0,136,62.96,0,Real Betis,29,ideal
Sergio Ramos,0,0,340,87.86,1,Sevilla,37,veteran
Claudio Bravo,0,0,156,78.39,1,Real Betis,40,veteran
Unai Simón,0,0,299,55.58,0,Athletic Club,26,ideal
David Soria,0,0,257,47.16,0,Getafe,30,veteran
Mario Hermoso,0,1,822,87.54,10,Atlético Madrid,28,ideal
Marc-André ter Stegen,0,0,350,91.38,0,Barcelona,31,veteran
Stole Dimitrievski,0,0,269,56.39,0,Rayo Vallecano,29,ideal
David López,0,0,758,91.44,2,Girona FC,34,veteran
Iñigo Martínez,0,0,426,88.02,0,Barcelona,32,veteran
Eduardo Camavinga,0,0,493,90.46,11,Real Madrid,21,young
Antonio Raíllo,0,0,179,87.32,0,Mallorca,32,veteran
Tanguy Nianzou,0,0,45,91.84,0,Sevilla,21,young
Juanlu Sánchez,0,2,230,81.56,10,Sevilla,20,youth
Loïc Badé,0,1,403,81.09,5,Sevilla,23,young
Predrag Rajković,0,0,289,57.23,1,Mallorca,28,ideal
Yannick Carrasco,0,1,58,77.33,4,Atlético Madrid,30,veteran
Kepa Arrizabalaga,0,0,249,82.18,0,Real Madrid,29,ideal
Florian Lejeune,0,1,703,80.99,5,Rayo Vallecano,32,veteran
Dani Parejo,0,1,832,90.93,13,Villarreal,34,veteran
Unai Núñez,0,0,677,77.02,6,Celta Vigo,26,ideal
Francisco Vieites,0,0,39,58.21,0,Real Betis,24,young
Yéremy Pino,0,0,131,82.91,5,Villarreal,21,young
Carl Starfelt,0,0,466,86.62,1,Celta Vigo,28,ideal
Germán Pezzella,0,0,583,85.74,3,Real Betis,32,veteran
Alex Suárez,0,0,534,86.97,4,Las Palmas,30,veteran
Jan Oblak,0,0,266,70.93,0,Atlético Madrid,30,veteran
Giorgi Mamardashvili,0,0,187,45.95,0,Valencia,23,young
Renato Tapia,0,0,202,81.78,3,Celta Vigo,28,ideal
Dodi Lukebakio,0,1,192,83.84,10,Sevilla,26,ideal
Antonio Sivera,0,0,258,56.58,2,Deportivo Alavés,27,ideal
Mika Mármol,0,0,807,89.47,1,Las Palmas,22,young
Saúl Coco,0,0,514,89.55,1,Las Palmas,24,young
Samuel Costa,0,1,458,79.38,10,Mallorca,23,young
Iván Martín,0,1,539,91.82,16,Girona FC,24,young
Joan Jordán,0,0,125,85.03,2,Sevilla,29,ideal
Ismaila Ciss,0,0,321,80.86,7,Rayo Vallecano,29,ideal
Alberto Moleiro,0,2,151,83.43,5,Las Palmas,20,youth
Jorge Cuenca,0,0,475,89.62,0,Villarreal,24,young
Luiz Felipe,0,0,151,90.42,1,Real Betis,26,ideal
Marko Dmitrović,0,0,147,70.67,0,Sevilla,31,veteran
Boubakary Soumaré,0,0,380,89.62,2,Sevilla,24,young
Stefan Savić,0,0,333,82.43,0,Atlético Madrid,32,veteran
Marc Pubill,0,0,111,79.29,4,Almería,20,youth
Ferland Mendy,0,0,407,95.32,4,Real Madrid,28,ideal
Rubén Alcaraz,0,0,435,81.46,7,Cádiz,32,veteran
Yarek Gasiorowski,0,0,67,77.91,0,Valencia,18,youth
Eric García,0,0,686,90.98,2,Girona FC,22,young
David García,0,0,643,84.61,0,Osasuna,29,ideal
Srđan Babić,0,0,58,93.55,0,Almería,27,ideal
Paul Akouokou,0,0,16,94.12,0,Real Betis,25,young
Ivan Balliu,0,0,375,78.13,12,Rayo Vallecano,31,veteran
Thierry Correia,0,2,502,76.99,5,Valencia,24,young
Ørjan Nyland,0,0,106,61.99,0,Sevilla,33,veteran
Randy Nteka,0,0,62,68.13,5,Rayo Vallecano,26,ideal
Mouctar Diakhaby,0,0,338,86.45,1,Valencia,26,ideal
Étienne Capoue,0,1,448,88.02,7,Villarreal,35,veteran
Iñaki Peña,0,0,72,83.72,0,Barcelona,24,young
André Ferreira,0,0,262,65.99,0,Granada,27,ideal
Ander Guevara,0,0,528,75.11,13,Deportivo Alavés,26,ideal
Nacho Fernández,0,0,279,93.62,2,Real Madrid,33,veteran
Abdul Mumin,0,0,241,81.14,0,Rayo Vallecano,25,young
Sergio Herrera,0,0,278,59.02,0,Osasuna,30,veteran
Antonio Blanco,0,0,305,78.21,8,Deportivo Alavés,23,young
Kike Salas,0,0,146,79.78,1,Sevilla,21,young
Robin Le Normand,0,0,643,88.69,2,Real Sociedad,27,ideal
Luis Hernández,0,0,174,78.03,5,Cádiz,34,veteran
Chadi Riad,0,0,404,89.78,1,Real Betis,20,youth
Sergi Roberto,0,0,107,93.86,0,Barcelona,31,veteran
Marcos Acuña,0,0,207,84.15,6,Sevilla,32,veteran
Matteo Gabbia,0,0,267,89.6,1,Villarreal,24,young
Kevin Vázquez,0,0,144,72.0,3,Celta Vigo,30,veteran
Lucas Boyé,0,2,172,75.11,13,Granada,27,ideal
Damián Suárez,0,1,257,68.9,13,Getafe,35,veteran
Lucas Torró,0,0,344,76.96,1,Osasuna,29,ideal
Mamadou Mbaye,0,0,47,56.63,0,Cádiz,25,young
Máximo Perrone,0,0,382,90.31,5,Las Palmas,20,youth
Milutin Osmajić,0,0,2,66.67,1,Cádiz,24,young
Imanol García de Albéniz,0,0,112,86.15,1,Athletic Club,23,young
Éder Militão,0,0,31,96.88,0,Real Madrid,25,young
Unai García,0,0,33,84.62,1,Osasuna,31,veteran
Diego Mariño,0,0,17,80.95,0,Almería,33,veteran
Eric Curbelo,0,0,51,96.23,0,Las Palmas,29,ideal
Diego Mendez,0,0,2,100.0,0,Rayo Vallecano,20,youth
Ricardo Visus,0,0,15,83.33,0,Real Betis,22,young
Luís Maximiano,0,0,222,60.33,0,Almería,24,young
Youssef En-Nesyri,0,0,75,68.18,4,Sevilla,26,ideal
Gabriel Paulista,0,0,533,85.97,1,Valencia,33,veteran
Matija Nastasić,0,0,282,80.8,1,Mallorca,30,veteran
Assane Diao,0,0,119,78.81,3,Real Betis,18,youth
Fali,0,0,302,74.02,3,Cádiz,30,veteran
William Carvalho,0,1,175,86.63,3,Real Betis,31,veteran
Rodri Sánchez,0,0,210,83.33,6,Real Betis,23,young
Marc Cardona,0,0,72,73.47,1,Las Palmas,28,ideal
Yeray Álvarez,0,0,66,79.52,2,Athletic Club,28,ideal
Javi Galán,0,0,35,77.78,2,Atlético Madrid,29,ideal
Iker Munoz,0,0,218,73.15,1,Osasuna,21,young
Óscar Rodríguez,0,0,143,78.57,8,Getafe,25,young
Memphis Depay,0,0,52,71.23,2,Atlético Madrid,29,ideal
Adnan Januzaj,0,0,41,82.0,1,Sevilla,28,ideal
Enzo Loiodice,0,0,466,82.48,6,Las Palmas,23,young
Rafa Marín,0,0,289,81.64,3,Deportivo Alavés,21,young
Javier Muñoz,0,1,449,84.24,13,Las Palmas,28,ideal
Iza Carcelén,0,0,264,72.93,6,Cádiz,30,veteran
Aridane Hernández,0,0,249,83.56,1,Rayo Vallecano,34,veteran
Pejiño,0,0,84,81.55,5,Las Palmas,27,ideal
Aleksandar Sedlar,0,0,342,84.86,2,Deportivo Alavés,32,veteran
Cristhian Mosquera,0,0,543,88.44,1,Valencia,19,youth
Cristian Herrera,0,0,59,92.19,1,Las Palmas,32,veteran
Mario Dominguez,0,0,4,100.0,0,Valencia,19,youth
Dani Ceballos,0,0,122,93.13,1,Real Madrid,27,ideal
Andrés Guardado,0,0,185,88.52,4,Real Betis,37,veteran
Edgar González,0,0,494,87.9,3,Almería,26,ideal
Rominigue Kouamé,0,0,126,86.9,2,Cádiz,27,ideal
Abdelkabir Abqar,0,0,267,72.75,1,Deportivo Alavés,24,young
Omenuke Mfulu,0,0,45,90.0,0,Las Palmas,29,ideal
Juanpe,0,0,71,86.59,0,Girona FC,32,veteran
Williot Swedberg,0,0,14,66.67,0,Celta Vigo,19,youth
Aitor Paredes,0,0,666,86.16,3,Athletic Club,23,young
Joseph Aidoo,0,0,142,78.45,1,Celta Vigo,28,ideal
Miguel Rubio,0,0,229,78.16,0,Granada,25,young
Rafa Mir,0,0,30,63.83,5,Sevilla,26,ideal
Cyle Larin,0,0,75,71.43,5,Mallorca,28,ideal
Abdessamad Ezzalzouli,0,0,126,77.78,4,Real Betis,22,young
Nacho Vidal,0,0,21,63.64,1,Osasuna,28,ideal
Benito Ramírez,0,0,36,80.0,1,Las Palmas,28,ideal
Fede San Emeterio,0,0,37,82.22,1,Cádiz,26,ideal
Pablo Torre,0,0,97,81.51,6,Girona FC,20,youth
Manu Trigueros,0,0,49,84.48,0,Villarreal,32,veteran
Manu Morlanes,0,0,147,86.47,4,Mallorca,24,young
Jordi Martín,0,0,27,67.5,1,Getafe,22,young
Siebe Van Der Heyden,0,0,54,66.67,0,Mallorca,25,young
Rachad Dhimi,0,0,4,80.0,1,Almería,18,youth
Álvaro Negredo,0,0,7,53.85,1,Cádiz,38,veteran
Carlos Domínguez,0,0,104,75.36,1,Celta Vigo,22,young
Francis Coquelin,0,0,4,80.0,0,Villarreal,32,veteran
Jorge Pascual,0,0,4,80.0,0,Villarreal,20,youth
Jesús Corona,0,0,9,75.0,0,Sevilla,30,veteran
Bernardo Espinosa,0,0,7,87.5,0,Girona FC,34,veteran
Peru Nolaskoain Esnal,0,0,5,62.5,0,Athletic Club,25,young
Alfonso Espino,0,0,423,73.31,13,Rayo Vallecano,31,veteran
José María Giménez,0,0,195,82.63,2,Atlético Madrid,28,ideal
Omar Alderete,0,1,144,64.57,4,Getafe,26,ideal
Bebé,0,0,24,66.67,2,Rayo Vallecano,33,veteran
Mihailo Ristić,0,0,159,73.95,5,Celta Vigo,28,ideal
Jaime Mata,0,0,149,72.33,4,Getafe,35,veteran
Óscar Trejo,0,0,267,83.18,13,Rayo Vallecano,35,veteran
Djené,0,0,311,77.94,3,Getafe,31,veteran
Álvaro Lemos,0,0,96,82.76,0,Las Palmas,30,veteran
Carlos Benavídez,0,0,96,62.34,1,Deportivo Alavés,25,young
Jon Pacheco,0,0,207,87.71,0,Real Sociedad,22,young
Darwin Machís,0,0,131,74.43,8,Cádiz,30,veteran
Anastasios Douvikas,0,0,34,65.38,1,Celta Vigo,24,young
Marko Milovanović,0,0,3,50.0,0,Almería,20,youth
Malcom Ares,0,0,7,87.5,0,Athletic Club,22,young
Iván Villar,0,0,121,54.26,1,Celta Vigo,26,ideal
Valery Fernández,0,0,77,88.51,2,Girona FC,24,young
Radamel Falcao,0,0,29,80.56,1,Rayo Vallecano,37,veteran
Beñat Prados,0,0,143,82.18,2,Athletic Club,22,young
Omar Mascarell,0,0,238,82.64,2,Mallorca,30,veteran
Javi Llabrés,0,0,21,67.74,2,Mallorca,21,young
Brian Ocampo,0,0,17,85.0,1,Cádiz,24,young
Thomas Lemar,0,0,69,89.61,1,Atlético Madrid,28,ideal
Njegoš Petrović,0,0,57,85.07,2,Granada,24,young
Giovanni González,0,0,259,72.96,6,Mallorca,29,ideal
Josep Chavarría,0,0,72,82.76,2,Rayo Vallecano,25,young
Kike Pérez,0,0,137,75.69,4,Rayo Vallecano,26,ideal
Dani García,0,0,142,82.56,0,Athletic Club,33,veteran
Jorge Meré,0,0,68,75.56,0,Cádiz,26,ideal
Nahuel Tenaglia,0,0,27,72.97,2,Deportivo Alavés,27,ideal
José Ángel Carmona,0,1,88,69.84,4,Getafe,21,young
Fran Beltrán,0,0,404,85.41,3,Celta Vigo,24,young
Jaume Costa,0,0,219,75.78,4,Mallorca,35,veteran
Ansu Fati,0,0,23,85.19,0,Barcelona,21,young
Ramón Terrats,0,0,184,84.79,3,Villarreal,23,young
Juan Cruz,0,0,14,82.35,1,Real Betis,31,veteran
Gonzalo García,0,0,4,57.14,0,Real Madrid,19,youth
Sokratis,0,0,1,100.0,0,Real Betis,35,veteran
Alberto Soro,0,0,3,100.0,1,Granada,24,young
José Pozo,0,0,8,100.0,0,Rayo Vallecano,27,ideal
Silvi Clúa,0,0,5,100.0,0,Girona FC,18,youth
César Tárrega,0,0,5,100.0,0,Valencia,21,young
Gorka Rivera,0,0,4,80.0,0,Getafe,19,youth
Ibrahima Kébé,0,0,5,62.5,0,Girona FC,23,young
Alberto Perea,0,0,6,100.0,1,Granada,32,veteran
José Mari,0,0,16,80.0,2,Cádiz,36,veteran
Daley Sinkgraven,0,0,76,92.68,0,Las Palmas,28,ideal
Óscar Melendo,0,0,243,83.51,7,Granada,26,ideal
Iker Muniain,0,0,149,86.13,5,Athletic Club,30,veteran
Unai Gómez,0,0,25,75.76,1,Athletic Club,20,youth
Carlos Dotor,0,0,132,79.04,1,Celta Vigo,22,young
Cenk Özkaçar,0,0,258,81.13,1,Valencia,23,young
César Montes,0,0,272,77.94,2,Almería,26,ideal
Santi Comesaña,0,0,197,90.37,2,Villarreal,27,ideal
Mariano Díaz,0,0,19,63.33,1,Sevilla,30,veteran
Mauro Arambarri,0,0,111,82.22,2,Getafe,28,ideal
Kaiky,0,0,201,83.06,0,Almería,19,youth
Jon Ander Olasagasti,0,0,16,72.73,1,Real Sociedad,23,young
Marc Bartra,0,0,101,87.07,0,Real Betis,32,veteran
Sergi Altimira,0,0,69,90.79,0,Real Betis,22,young
Andrei Rațiu,0,0,48,80.0,3,Rayo Vallecano,25,young
José Copete,0,0,145,80.11,2,Mallorca,24,young
Sory Kaba,0,1,84,71.79,4,Las Palmas,28,ideal
Amath Ndiaye,0,0,64,70.33,0,Mallorca,27,ideal
Rubén Sobrino,0,0,127,71.35,3,Cádiz,31,veteran
Mamadou Sylla,0,0,3,42.86,0,Deportivo Alavés,29,ideal
Çağlar Söyüncü,0,0,67,87.01,0,Atlético Madrid,27,ideal
Ibrahima Kone,0,0,33,67.35,2,Almería,24,young
Raúl García,0,0,19,59.38,0,Athletic Club,37,veteran
André Silva,0,0,8,72.73,0,Real Sociedad,28,ideal
Miguel de la Fuente,0,0,7,46.67,0,Deportivo Alavés,24,young
Shon Weissman,0,0,9,75.0,0,Granada,27,ideal
Adrià Altimira,0,0,186,84.55,2,Villarreal,22,young
Ben Brereton Díaz,0,0,49,79.03,2,Villarreal,24,young
Alejandro Pozo,0,0,223,77.7,10,Almería,24,young
Antonio Puertas,0,2,97,76.98,8,Granada,31,veteran
Roman Yaremchuk,0,0,63,78.75,3,Valencia,28,ideal
Nabil Fekir,0,0,10,83.33,0,Real Betis,30,veteran
Álvaro Odriozola,0,0,19,100.0,0,Real Sociedad,28,ideal
Salvi Sánchez,0,0,10,83.33,0,Rayo Vallecano,32,veteran
Alberto Mari,0,0,0,0.0,0,Valencia,22,young
Jon Karrikaburu,0,0,2,50.0,0,Deportivo Alavés,21,young
Jorge Herrando,0,0,57,73.08,0,Osasuna,22,young
Joseba Zaldúa,0,0,29,61.7,0,Cádiz,31,veteran
Miguel Rodríguez,0,0,20,68.97,1,Celta Vigo,20,youth
Marciano Sanca,0,0,14,60.87,1,Almería,19,youth
Mohamed-Ali Cho,0,0,37,67.27,1,Real Sociedad,19,youth
Houboulang Mendes,0,0,84,73.04,1,Almería,25,young
Domingos Duarte,0,0,199,76.25,2,Getafe,28,ideal
Nico Paz,0,0,18,78.26,0,Real Madrid,19,youth
Urko González,0,0,41,78.85,0,Real Sociedad,22,young
Arnau Puigmal,0,0,52,78.79,3,Almería,22,young
Jesús Vázquez,0,0,10,50.0,0,Valencia,20,youth
Anthony Lozano,0,0,9,60.0,1,Getafe,30,veteran
Carlos Romero,0,0,64,78.05,0,Villarreal,22,young
Wilson Manafá,0,0,75,76.53,1,Granada,29,ideal
Bono,0,0,16,59.26,0,Sevilla,32,veteran
Tomás Mendes,0,0,4,66.67,0,Deportivo Alavés,19,youth
Mikel Jauregizar,0,0,3,60.0,1,Athletic Club,20,youth
Federico Gattoni,0,0,6,75.0,0,Sevilla,24,young
Fernando Martínez,0,0,40,57.97,0,Almería,33,veteran
Raúl Fernández,0,0,59,62.11,0,Granada,35,veteran
Pablo Gozálbez,0,0,16,53.33,0,Valencia,22,young
Unai Ropero,0,0,4,100.0,0,Deportivo Alavés,22,young
Santi García,0,0,6,85.71,0,Getafe,22,young
Aitor Fernández,0,0,59,65.56,0,Osasuna,32,veteran
Álex Centelles,0,0,63,70.0,4,Almería,24,young
Víctor Díaz,0,0,45,65.22,0,Granada,35,veteran
Jesús Vallejo,0,0,66,91.67,0,Granada,26,ideal
Víctor Chust,0,0,76,79.17,0,Cádiz,23,young
Jhon Solís,0,0,8,66.67,0,Girona FC,19,youth
Gabri Veiga,0,0,3,75.0,0,Celta Vigo,21,young
Adria Miquel Bosch Sanchis,0,0,11,78.57,0,Granada,22,young
Robert Navarro,0,0,41,77.36,3,Cádiz,21,young
Pepe Reina,0,0,0,0.0,0,Villarreal,41,veteran
Moussa Diakité,0,0,0,0.0,0,Cádiz,20,youth
